id,user,date,timestamp,commentText,likes
Ugx9HqBdIpcvR2E29qp4AaABAg,Top Trendz,1 year ago,1529105243444,"Hey guys, There is the offer for all of you. I will be giving 5 Jio phones to the people .All you have do it subscribe to our channel and comment your favorite moment in this ad . Results will be announced on 21st May. HURRY UP. JIO dhan dhana dhan.",27
UgyVv1YCeV5wbYRhK-94AaABAg,VINOD KUMAR,3 weeks ago,1558826843448,Msd ğŸ˜ğŸ˜,0
UgwcKk3AUCA60EjT5RR4AaABAg,Kavitha C,3 weeks ago,1558826843449,Deepika so cute,0
UgwGEomR3jpOwYFUw9J4AaABAg,Mahanehdan Merlin,1 month ago,1557962843452,Hardik is looking smart,0
UgyQ60ysyTjaICBdPEF4AaABAg,Chandra chatterjee,1 month ago,1557962843455,Any One see 2019,0
Ugw4VCkg568icQ0Wxd54AaABAg,Sasi Sasi,1 month ago,1557962843457,I love king kohli and pant,1
UgyMPMozjFbJbq_ovL54AaABAg,Hepsi Nalladhas,1 month ago,1557962843460,Rcb,0
UgwYUePSxqsF-USzSOZ4AaABAg,Raja Lingam,1 month ago,1557962843463,virat nice dance step,0
Ugy6IK_rqJHNShrx-wt4AaABAg,Monty Melvin Belly,1 month ago,1557962843464,Vk Bhaiâ¤ï¸,0
UgzCmJNqNx9Dbox1Lax4AaABAg,MAYANK BISHT,1 month ago,1557962843466,shrayas iyyer,0
Ugz47yu0XYwq4MrRYBt4AaABAg,gowtham sreekar Vj,1 month ago,1557962843467,Csk fansğŸ˜˜ğŸ˜˜,0
UgwC9Lc0W_cWoJhWQ6J4AaABAg,MARI GAMING,2 months ago,1555370843469,Chutiya networks in world,0
UgzCbH27XdQpSz5wNrp4AaABAg,Archana Srivastava,2 months ago,1555370843471,0:51 Deepika Virat look so good ğŸ˜ they should star in an ad together ğŸ˜ğŸ˜,0
UgyvVMgeiVdphTAmq9N4AaABAg,janakiram gopaldas,2 months ago,1555370843472,I love this song dance steps,0
Ugw5K3Gyiq_Clpc5yvx4AaABAg,pra kuna6789,2 months ago,1555370843474,SRH,0
UgxrScCXazI4qYYaxVx4AaABAg,Rohit Roy,2 months ago,1555370843475,Csk dance was great,0
UgwRxX-WUyAXqstVgr54AaABAg,Linet D'souza,2 months ago,1555370843477,Loved. ItğŸ˜˜ğŸ˜˜ğŸ‘‡,0
UgyVX7JWGr6a0A_u4Tl4AaABAg,satyaki rout,2 months ago,1555370843479,i love  this advertise because virat .love u virat,1
UgyvyhZ4lAObG6o29eF4AaABAg,Roshan Kumar,2 months ago,1555370843480,Hhh,1
Ugyop9E7qlUZMkbYur54AaABAg,Mayank Doshi,2 months ago,1555370843482,RCB is best team,0
UgxwqrxvcxXGOxz0YzB4AaABAg,Naman Bhardwaj,2 months ago,1555370846425,Best Ad for IPL ever â¤â¤â¤â¤,0
UgzWKBRKVoRzGoDXWhp4AaABAg,Love Soul,2 months ago,1555370846427,ROHIT is THE BEST. Mumbai Indians Meri Jaan.  Gautam gambhir is also 4th best,0
Ugwfox7UGa18lwtPyAh4AaABAg,Sachin Pawar,2 months ago,1555370846428,ğŸ‘ŒğŸ‘ŒğŸ‘ŒğŸ‘Œ,0
UgwiOm3U0w712ZlWUj54AaABAg,kalpana kumaresh,2 months ago,1555370846430,Anyone in 2019,0
Ugw-W7_RAMlfVHJGmFB4AaABAg,learn with merrow,3 months ago,1552692446432,Rashid khan is missing ğŸ˜â¤ï¸ğŸ˜,1
Ugw-2bFKkGwwFv4gbnJ4AaABAg,Monalohi Monalohi,3 months ago,1552692446433,Rcb dance thaan Nalla iruku,0
Ugwx-ldqNxjwtVhs2cl4AaABAg,Chandra Alagarsamy,3 months ago,1552692446435,Virat mr.handsome so cuteğŸ˜ğŸ’‹ğŸ’‹ğŸ’‹,0
Ugyvf5jzwO5TprZRfZN4AaABAg,Sathya Narayana,3 months ago,1552692446436,Super,0
UgwIp7ffEBCt7fODXB14AaABAg,Sathya Narayana,3 months ago,1552692446438,Super,0
Ugy98N_Q0KoKUNAxIkR4AaABAg,Paawan Mishra,3 months ago,1552692446440,Virat Kohli ğŸ’•ğŸ’•ğŸ’•,0
Ugxy_RhmxqyMMIOktJt4AaABAg,anushree ammu,3 months ago,1552692446441,king kohli.,0
UgxORT-BWFb6lUMLu9x4AaABAg,pic video,4 months ago,1550273246443,Ooo jio,0
UgwwUPFJNzydlgaAMr14AaABAg,pic video,4 months ago,1550273246445,I love jio,0
Ugy0vIpnUwD4IzCk-AJ4AaABAg,Arvind verma,5 months ago,1547594846446,king kohli,0
UgwMcXa7Znn_ugXb2A54AaABAg,Rathod Karan Sing,5 months ago,1547594846448,Super duper,0
UgySPx88-_3tspFL4H14AaABAg,A Kavya,5 months ago,1547594846449,Dhoni super  any body Dhoni fans?,0
UgxEjtZPkhPNU8qGVep4AaABAg,A Kavya,5 months ago,1547594846451,Dhoni  supe? r  any body  dhoni fans,0
UgzXXQHxmhCROWvt4-14AaABAg,Kodiganti Nagaraju,5 months ago,1547594846452,My favourite advice ment,0
UgxTDxYNIN6BLaNeQdd4AaABAg,charan .S.Reddy,6 months ago,1544916446454,virat jio dhan dana dhan,0
UgwEjg1zzb3yWQu2f1B4AaABAg,kamalesh perumalsamy,7 months ago,1542324446456,I support kings 11 Punjab because of Ashwin ravichandran.. love u ashwin,1
UgzWSzk3ph9v3RHpk694AaABAg,Siva Rayavarapu,8 months ago,1539646048905,Jio network slow avuthundi,0
UgwciVcNbR729VCN8_J4AaABAg,ahida mailamoottil,9 months ago,1537054048907,RCB RCB next saala cup namde,0
UgzUzC8teDWGhvwWw4p4AaABAg,Neha Mishra,9 months ago,1537054048908,garda hai yar,0
UgwLaVoeN--qES0cKUJ4AaABAg,Priyanka Chaudhary,9 months ago,1537054048910,I love the jio very much jio is the best network,0
Ugw4YoN2VS8gl7gUR3t4AaABAg,C.ALBERT ALBI,9 months ago,1537054048911,Very  very  nice,0
Ugyb6nHO5FoD-ismVjZ4AaABAg,A Rosy,9 months ago,1537054048913,CSK fans hit like,15
Ugx05Uzi2lcabihXwRR4AaABAg,Chetan Ghorpade,10 months ago,1534375648914,Jio network is getting poor day by day,0
Ugy9ghbEkGCn58b-W1x4AaABAg,Navsirjit School Dumra Rural,10 months ago,1534375648916,Vivo IPL 2018 camera photo M's dhoi,0
UgwuZzS5pYmfyjYu16B4AaABAg,Shiva Ram,11 months ago,1531697248917,Deepika Padukone ğŸ’™ğŸ’ğŸ’ğŸ’,0
UgwspUp69JtujYZ9OiJ4AaABAg,Bhai the gangster live stream,11 months ago,1531697248919,I love this song,0
UgyuMPwFVsyNULf07WR4AaABAg,zeeshan haider,11 months ago,1531697248920,Jio digital life,0
Ugy2iyQ6jtfQKUpTRrB4AaABAg,be satisfied khan,11 months ago,1531697248922,Ami kkr,0
UgwkGit4kBSdH0GbACd4AaABAg,anita Jain,1 year ago,1529105248924,Csk is a best team,0
Ugwvl0rOOodqXHWw6vB4AaABAg,milky bÃ¸Ã½ brijesh,1 year ago,1529105248925,hyd shikar dhawan,1
Ugy-hfDwyBUZbf2wuEx4AaABAg,Munna Kumar,1 year ago,1529105248927,J,0
UgxRTnpNP4T1CH0_Eod4AaABAg,shuja funny and dance video abid,1 year ago,1529105248928,shuja abid,0
Ugz8xNWoeh9woWg4c_B4AaABAg,Sahana parvatikar,1 year ago,1529105248929,Hardik Pandya the best stylish and super player.,7
UgyLdrHkrfkiAiYyhBV4AaABAg,Shravani Chavan,1 year ago,1529105248931,"Ya it's true my favorite team is CSK 
And this time they have won,",3
UgxxV9QRuseFZZfAFmB4AaABAg,Fathima Rifaza,1 year ago,1529105248934,I hate goutham gambeer,0
UgwXc3X1DkSFJ9gL7LR4AaABAg,Ã‡hrÃ¬s Ä’vÃ£Ã±s,1 year ago,1529105248935,Dhoni dance in awesome,0
UgzaYkZsVTUeivDWOgB4AaABAg,Looki Looki,1 year ago,1529105252068,srhdaaaa,0
UgxhWV-Ho6WK22yKrZ94AaABAg,Kanchan Rai,1 year ago,1529105252070,love you dhoni and raina ğŸ˜™ğŸ˜™ğŸ˜™,0
UgzNVPTzTlO2WaKSWF94AaABAg,Papa Mate,1 year ago,1529105252072,Oh Hardik ğŸ˜€ğŸ˜€ğŸ˜€ğŸ˜€ğŸ¤—ğŸ¤—,0
UgwapJsUTLdV61JqR1B4AaABAg,Aansha Laneesh,1 year ago,1529105252073,Mumbai Indians,0
UgycjPpPzuKb8HU0_ml4AaABAg,My Marnia,1 year ago,1529105252075,Ohh Dhoni and Virat you are looking soooo cute,0
UgwkaxpLWFCipK5U0vZ4AaABAg,Super Subatheeban,1 year ago,1529105252076,virat best,0
UgzAUQ4yUanXg_ay_CZ4AaABAg,Maniraj Preetam,1 year ago,1529105252078,gjkjjb my jiiiiiiiooooo,0
Ugw3haIeuW5tRgRVYUd4AaABAg,Ibrahim Shaikh,1 year ago,1529105252079,NYC ADD,0
UgzKDMMsThYjXN_4Axl4AaABAg,Panda,1 year ago,1529105252081,DhoniğŸ˜ğŸ˜â¤â¤,0
Ugy31ck33QP_G9oQb9x4AaABAg,banajo Vyas keval,1 year ago,1529105252082,Hi,0
UgzcLpxjk9yh6NU8Uzt4AaABAg,Jugal Vyas,1 year ago,1529105252084,Very video,0
UgyKiqIkMHEHVoZTfEt4AaABAg,Smita Chandorkar,1 year ago,1529105252085,I luv this song,0
Ugyp3xXHVafI21flNx94AaABAg,varsha Dewangan,1 year ago,1529105252087,RSBğŸ‘ŒğŸ‘Œ,0
Ugw4sOmXmIB1WR9ca814AaABAg,MANGIPUDI LALITHA KUMARI,1 year ago,1529105252088,CSK best,5
UgyVAh7U1GG0swoijMh4AaABAg,K Shreekrishna Bhat K Shreekrishna Bhat,1 year ago,1529105252203,CSK,0
Ugwe5VV2gruWca2aCPl4AaABAg,Afiya Muneer,1 year ago,1529105252205,i love RCB......half kg.....chahal.......virat........and.......woooowwww,0
UgxyC3ZxZD8eJTtzAJx4AaABAg,Raju Raju,1 year ago,1529105252221,raju harisitha,0
UgzGynxG3GElDCbZ4Nt4AaABAg,Raju Raju,1 year ago,1529105252231,raju harisitha,0
UgzXoA4Kz37U0qlRSol4AaABAg,cricket freak,1 year ago,1529105252233,Virat is incomplete without abd,0
UgyPqgqzeFgPB4KUZbF4AaABAg,cricket freak,1 year ago,1529105252238,Abd is missing..,0
UgzXhPd170RhQNC-e6B4AaABAg,Mata Qtd,1 year ago,1529105253786,Dhoni is hero and his team,0
Ugz7YPGpHardcgVHkp94AaABAg,Jill Joshi,1 year ago,1529105253788,MI and RCB ğŸ˜ğŸ˜,0
Ugw2KjptnUAvv_kKVIF4AaABAg,manjula pandian,1 year ago,1529105253789,0:37 I loved it mahirat,0
UgxfujUrR-LMnmCQRBh4AaABAg,Moriram Das,1 year ago,1529105253791,HA,0
UgyenCZaSWIYNQBX_CF4AaABAg,Sasi Kumar,1 year ago,1529105253792,CSKğŸ‘ğŸ‘ğŸ‘,0
UgyNyVYwh3yGqhxg8H94AaABAg,Kapil Japan,1 year ago,1529105253794,So  nice,0
Ugy6T-yR_xDuTnAusOZ4AaABAg,Parimala Prakash,1 year ago,1529105253795,Really awesome DHONI is superb and hardik pandya is really gud player,1
UgzwoKkoR6v5aKbvWid4AaABAg,Varalakshmi B,1 year ago,1529105253797,dhoni thalağŸ’™,0
UgywjO1HnC8FRJb0bip4AaABAg,jeeva shiva mission,1 year ago,1529105253799,.dk's wonderful style,0
UgwSofn_-QwF2ZtRZhZ4AaABAg,meena,1 year ago,1529105253800,i like this ad very much,0
UgyWTUt0nKH0hXhEPXR4AaABAg,Technical Server,1 year ago,1529105253802,SRH is best Team,0
UgzCMGqIpxF9quehMtF4AaABAg,Roshinee Venkatesh,1 year ago,1529105253803,Hardik,0
UgzrMWoJ5TYDrH90cP54AaABAg,Veesam Koushik Reddy Koushik,1 year ago,1529105253805,I like Dhoni sir and virat sir dance and Jio especially,0
UgytKeN3FmwUiKsDymF4AaABAg,Nitish Chandra,1 year ago,1529105253806,Nice song......,0
Ugybg06NUSATBfWSwSJ4AaABAg,meher seshu lanka,1 year ago,1529105253808,Cool team cool captain Dhoni go CSK!!,0
UgwmwJ2LylYwya9AkFh4AaABAg,meher seshu lanka,1 year ago,1529105253809,Fire bat of Gambhir was awesome,0
UgzU0eT2XTakmEbwPnx4AaABAg,meher seshu lanka,1 year ago,1529105253811,Missing raina but all are awesome csk zindabad rcb zindabad rr zindabad Srh zindabad dd zindabad mi zindabad kX1p zindabad kkr zindabad hamara IPL zindabad:),0
UgyXi9uyog04WyemNVp4AaABAg,Gaurav Khobarekar vines,1 year ago,1529105253812,SRH is best,0
UgwxWKWWjPi4wuLgrOB4AaABAg,Hrittika Saha,1 year ago,1529105253814,0:29 jaddu looks like the real king of chennai.ğŸ’˜ğŸ’˜ğŸ’˜ğŸ’˜,0
Ugx38y7iJVOwG2LbTMR4AaABAg,Sanmeet Lagare,1 year ago,1529105253816,Anyone know this girl in blue at 0:19? Thanks in advance :),0
UgyNTiNGpidy0Prz1fh4AaABAg,Waqar techinal apps editing,1 year ago,1529105255462,depika looks soo like  porn star,0
Ugyw6g9Rc5df5fF2sHt4AaABAg,vaasu emme,1 year ago,1529105255464,I hope CSK will be won 2018 IPL title,0
UgxAGQH9xK_vvsyYCzJ4AaABAg,vinayak jadhav,1 year ago,1529105255465,Dhawan is the best dancer....his pelvic moves are so real,1
Ugwvx9ZcIyhhTeIklnV4AaABAg,Ramesh Kale,1 year ago,1529105255467,only csk,0
UgwucXQxt0xgSxIHvcx4AaABAg,Rigith Rigu,1 year ago,1529105255484,0:27 ğŸ˜ğŸ˜ Dk love u so much,0
UgxPmlP8jGRNYLTG8qd4AaABAg,Virupakshi Kv,1 year ago,1529105255486,I'm,0
UgxvFIQ6TQf5-EX1Ztl4AaABAg,ajithmurugan 376,1 year ago,1529105255488,csk,0
UgyoAfenWqU9GYa11n54AaABAg,beauty with me,1 year ago,1529105255490,Love Hyderabad leave me a like if u love Hyderabad,0
Ugws2u0Tm0bNh5ngKhB4AaABAg,Mendesarmy fans,1 year ago,1529105255492,0:42 namma rcb. esala namde cupu   . and all r chipu,0
Ugygg2R5ixZxZN2HJuN4AaABAg,Ujjwal Khanal,1 year ago,1529105255493,Mi and csk,0
Ugy1VASIgK35LIrah-l4AaABAg,Rizkiya Beejan,1 year ago,1529105255495,I love csk,0
Ugzj_-x9TbR-pwBHyQ94AaABAg,Pk Pk,1 year ago,1529105255497,rr,0
Ugyn7GtCNiWymlUi2GR4AaABAg,Mohamed Dhilip Mafaz,1 year ago,1529105255498,mi and dd,0
Ugyl2vW8IIfvSAmcpLl4AaABAg,Akshay Patyal,1 year ago,1529105255500,Chris gayle eating bat at 0:15 and yuvraj singh throwing dice at 0:20 Moments are great,0
Ugy4nQr7RHe0nojabbV4AaABAg,Babulal Sahu,1 year ago,1529105255502,RCB is my fav ret team,0
UgzHv3dIc2M18QhSs7Z4AaABAg,The Legendary Gamer 4761,1 year ago,1529105255503,0:26,1
UgxoP8FVLrfu8lSmu4F4AaABAg,The Legendary Gamer 4761,1 year ago,1529105255505,0:25,0
UgwvSHQt-42NGc_OWtV4AaABAg,ambarish nayak,1 year ago,1529105255507,Plz anybody can tell the name girl who is in blue outfit along with deepika?,0
UgxLYEoxpuFVcBC7_bl4AaABAg,Raj Raj,1 year ago,1529105255508,Ajinkya's dance was so cool...stokes and unadkat was so attractive...marvelous perfomence.rajasthan royels is the best team in IPL,0
UgzatcIHae8VRclyjdd4AaABAg,Pk Pk,1 year ago,1529105255510,rr,0
Ugx-HpL8zxEMuwiDT5t4AaABAg,Nitesh morwani,1 year ago,1529105256549,I just love this add only for Deepika ğŸ˜ğŸ˜ğŸ˜ğŸ˜˜,0
Ugx-cMGd1gQqchrCnU94AaABAg,Nagaraj Madiwal,1 year ago,1529105256551,à²ˆ à²¸à²² à²•à²ªà³à²ªà³ à²¨à²®à³à²¦à³† âœŠ,0
Ugy1VI12WjN3iTtAD8d4AaABAg,Beast5689,1 year ago,1529105256552,Indians ki baat hi alag hai,0
UgwlVUk71Fgh_FBp_cJ4AaABAg,Riju Barbhuiya,1 year ago,1529105256554,v. kohli and m. S dhoni is stylist,0
Ugyl6ZLkavaqsfaNUI54AaABAg,vasundhara dabholkar,1 year ago,1529105256556,Ankit tiwari has done a great job..  ğŸ’•,1
Ugy-QN1y2a93VotLAYJ4AaABAg,Marsha Rahman,1 year ago,1529105256558,â¤â¤â¤ğŸ˜,0
UgwgeyFg8ZcHCtTNgq54AaABAg,[IMRAN MONDAL],1 year ago,1529105256559,Dhoni! Dhoni! Dhoni! Dhoni! Dhoni!,1
UgxKjHsQknQRESN_EkB4AaABAg,[IMRAN MONDAL],1 year ago,1529105256561,CSK is the best team in ipl history,14
Ugy2zJjCiUyyIgYk9dt4AaABAg,Yo Pink!,1 year ago,1529105256562,#rcbian #viratian,1
UgwQ8AmJSjjX5gqF1v94AaABAg,ambarish nayak,1 year ago,1529105256564,Anybody knows the name of the girl in green dress in this add?,0
UgyST10MUuHw8wOMaAl4AaABAg,Technical Aadesh,1 year ago,1529105256566,Jio,0
Ugxy98xLeuC9vk1QXj94AaABAg,bipin swain,1 year ago,1529105256568,Jio mere laal ek time thaa deta itna mehenga thaa 1gb PURA month chalana padtathaa aaj per day 1.5 GB deta call free 100 SMS or Keya chahiye,1
UgzC2MgfEWqe0dmw48N4AaABAg,Sarthak Thakkar,1 year ago,1529105256570,Loved Brendon McCullum moves ğŸ˜‚ğŸ˜‚,0
Ugze_WV3t4yAzBcNviN4AaABAg,OWLBE,1 year ago,1529105256572,For me Best moment is when shikhar dhawan beat his lap like Kabaddi pro  xd!,1
Ugz1GECC1_rncpW3P4N4AaABAg,Praveen Chan,1 year ago,1529105256573,Are you mental csk is first other team is last,0
UgxSkOkxhio4Xpgcy5t4AaABAg,Naveen Kumar Mavi,1 year ago,1529105256575,I just came here to express my annoyance about this most irritating ad...,0
UgzAdqsOW0t5h1hhrzh4AaABAg,Naaz Zainab,1 year ago,1529105256576,My favourite part is when Chris Gayle bites off the bat!!!!,0
Ugy-iwUh1P1dZ8vJPiZ4AaABAg,abhishek vijayanand,1 year ago,1529105256578,GG ğŸ˜‚ 0:55,0
UgxWg8W5n7XZBbAT9ZB4AaABAg,Komal Dubey,1 year ago,1529105256580,Deepika is cute....,0
Ugwu3tqdsDky6TfgbXh4AaABAg,jannatul mimi,1 year ago,1529105256581,0:28 look at this guy ğŸ˜‚ğŸ˜‚ğŸ˜‚ğŸ˜‚ğŸ˜‚ğŸ˜‚ğŸ˜‚ğŸ˜‚ğŸ˜‚,5
UgwQgpebTFdaFOEQrHp4AaABAg,Nidhi Ashok,1 year ago,1529105259198,"This ad is really something different....and too interesting to watch it again and again....
Jio teamğŸ’–ğŸ‘",3
UgxcTuMBfaAhoDuViB14AaABAg,Madhavanpillai Anilkumar,1 year ago,1529105259200,what a perfect dancer virat is his dancing style is perfect among other cricketers,2
UgwFGB1BpbOFrxn2B9x4AaABAg,N. Narayan Dora,1 year ago,1529105259201,Mumbai indians hi jitegi,0
UghhX_gyYJjitXgCoAEC,Asif Mulla,1 year ago,1529105259203,KkrğŸ‘¦ğŸ‘¦ğŸ‘¦ğŸ‘¦ğŸ‘¦ğŸ˜ƒğŸ˜ƒğŸ˜ƒğŸ˜ƒğŸ˜ƒğŸ˜ƒğŸ˜ƒğŸ˜ƒâœŒâœŒâœŒâœŒâœŒğŸ‡ğŸ¦,0
UgyoDIjVQ3NsP7k9z4h4AaABAg,Rajrishi Roy,1 year ago,1529105259204,KXIP is the best team ever in this ipl,1
UgzJ-zu_CsAROuPNVeZ4AaABAg,vijay kumar,1 year ago,1529105259206,Saaammmmmaaaaaaa advertisement I love this advertisement...... Sammmaa steps....ğŸ˜‚ğŸ˜‚ğŸ˜‚ğŸ˜ğŸ˜ğŸ˜ğŸ˜ğŸ˜˜ğŸ˜˜ğŸ˜˜ğŸ˜˜ğŸ’¥ğŸ’¥ğŸ’¥ğŸ’¥ğŸ’¥ğŸ’¥,2
UgzMVt8y8W6-S6dHmjp4AaABAg,kartik Narayanan,1 year ago,1529105259209,Bravo,0
UgxEFUlsbq41Ieall1Z4AaABAg,mumbai meri jaan,1 year ago,1529105259212,Number 1 jio Dhan Dhana Dhan,2
UgztJzgAfwnRBhUO1nJ4AaABAg,Arun Reddy,1 year ago,1529105259214,super virat kholi,2
UgxxzBZ7jvykgn-lWfR4AaABAg,Cynthia D'souza,1 year ago,1529105259216,Virat Kohli dance at 0.45 is awesome ğŸ˜ğŸ˜ğŸ˜ğŸ˜ğŸ˜ğŸ˜,0
UgzsDvSimewvA-ZznDd4AaABAg,ganeshkashyap gani,1 year ago,1529105259218,Gayle biting bat was good but I know the pain inside him,0
UgzMMFua00pEuGotj1Z4AaABAg,Khadar Maxamed,1 year ago,1529105259220,I love you deepi,0
UgxJlUtYAL-YK_k9Ihl4AaABAg,Rakesh Varma,1 year ago,1529105259221,"Rohit,Virat,Mahi,Karthik,Hardik,Mccllum,Dhawan ,Yuvi,Ashwin,Rahane are looking very handsomeğŸ˜„ğŸ˜˜ğŸ˜˜ğŸ˜˜ğŸ˜˜ğŸ˜˜ğŸ˜šğŸ˜ŠğŸ˜š",0
UgxjJ708KQdaavnw4DV4AaABAg,Paramita Paul,1 year ago,1529105259224,Wow,0
Ugz1HJ7X6RPjcJ1xVy94AaABAg,Mithu Dutta,1 year ago,1529105259226,dharun! gambhir,0
UgwZGwbKv_E_tu2qoQp4AaABAg,Amir kha,1 year ago,1529105259228,nice,0
UgyblNfOVrTP4_X-2Vx4AaABAg,LIVE CRICKET EXPRESS,1 year ago,1529105259230,Solid song yar,0
UgzUoAxPNG6xbajE1MN4AaABAg,Ishtiaque Zaman,1 year ago,1529105259231,"Love you all my ""Sher"" of Vivo IPL 2018 and of course Deepika Padukone.",0
UgylQzKmG8stEInq10d4AaABAg,Kaif Khan,1 year ago,1529105259233,Nice jio song,2
Ugz8dCIIK4A5cSfokAJ4AaABAg,YASH SOITKAR,1 year ago,1529105259235,That dance of dhoni alone loved it 0:48,16
UgyPN0Hyfzxbd88ohmN4AaABAg,DINESH DINU,1 year ago,1529105263217,Csk and rcb,19
UgyIDUOQ8RUQ9c8cDnR4AaABAg,Ibrahim Tariq55,1 year ago,1529105263219,B.mccullum is my favourite i support rcb,0
UgyqeFdjBu_qXjGdbmB4AaABAg,Live azadari Lorpur,1 year ago,1529105263220,love this song,0
Ugz__Mrbwfroyx26ilt4AaABAg,Jyothi Naveen,1 year ago,1529105263222,RCB RCB RCB,0
UgyFsO8Vma_YbMZP5Cd4AaABAg,KX in Gaming,1 year ago,1529105263223,Jio Dhan Dhana Dhan,1
UgyarjOb_LbKzLafDit4AaABAg,Mahira khan,1 year ago,1529105263225,Ami kkr,0
UgzPJysLRHBu4VRJEuR4AaABAg,manish yogi,1 year ago,1529105263226,Nice song,0
UgxlbkwQhtDylr8pXFl4AaABAg,Technical Broma,1 year ago,1529105263227,Deepuuuuu,1
Ugx4w4gVgqakhKZX38h4AaABAg,Ammaar Quraishi,1 year ago,1529105263229,Lol i like that last dance step,0
Ugw7cR0WO7yVB0mLgDd4AaABAg,vicky SRK,1 year ago,1529105263230,Osm dance,0
UgxGudY6LA-RQN3Fg3Z4AaABAg,Venkat Reddy,1 year ago,1529105263232,Love u dp dhoni virat,7
UgwL3IXKywfdH-9jiGZ4AaABAg,know as 47,1 year ago,1529105263233,"Evn if the rcb is not winning the ipl cup, still it doesn't fails to hold the opulent charm when compared with any other ipl teams.",6
Ugy4_2iCJKrGZjDDLbF4AaABAg,pothula reddy,1 year ago,1529105263235,F**k I forget today matchğŸ˜…ğŸ˜…,0
UgwokTUMkGVqGuP0CSh4AaABAg,Sathishkumar Subramanian,1 year ago,1529105263237,music is awsome,0
UgynTEXl2Hb_tEkZ3HJ4AaABAg,Ansar Saran,1 year ago,1529105263238,Songs super ğŸ˜ŠğŸ˜ŠğŸ˜ŠğŸ˜ŠğŸ˜ŠğŸ˜ŠğŸ˜˜ğŸ˜˜ğŸ˜˜ğŸ˜˜,0
UgwF49nH7Ix8Dt1um-p4AaABAg,Songs and Cricket it's my Activty,1 year ago,1529105263240,Which app you use to edit your viedo in this add,2
Ugx-QGwGEgovA2ZzKC54AaABAg,makhon sheikh,1 year ago,1529105263241,jio jio,0
UgxQaW8G3PDwANIpYMh4AaABAg,Saikarthik Ramisetty,1 year ago,1529105263243,Does anyone know the name of the hotel (venue) where this add was taken ?,0
UgyYaOjcTgnp8ZlCrZd4AaABAg,Hitesh Parmar,1 year ago,1529105263244,nice.,0
Ugxsq2RbGqJxUjoynMJ4AaABAg,Rachumari Narsimha Rao,1 year ago,1529105263358,RCB ğŸ˜ƒğŸ˜ğŸ˜˜ğŸ˜˜ğŸ˜ŠğŸ˜Š,0
UgyTCh994dacXT9cMp14AaABAg,Shahidul Ambia,1 year ago,1529105266196,Rohit is the best,3
UgxxgptVoFSBWSdmwLd4AaABAg,Juri Deka,1 year ago,1529105266209,dhoni lv u mahi,0
UgxXYEBjX7kSxANB0_94AaABAg,Nithin Kumar,1 year ago,1529105266211,Dhawan  is the king of srh,0
UgxwK219B0-jaP8qe3t4AaABAg,hayat murat,1 year ago,1529105266213,ğŸ˜ğŸ˜ğŸ˜,0
UgzOZXenWGe1U4geioR4AaABAg,Nasira Begum,1 year ago,1529105266215,Love you Deepika ğŸ˜,0
Ugy0cO_5sK7nK1s6LQx4AaABAg,Raaji Raaji,1 year ago,1529105266217,east or west virat is  the best,2
Ugzu3zsIB1XMta40WTJ4AaABAg,Raaji Raaji,1 year ago,1529105266219,rcb is the best team in virat,0
UgxRUdhIifRzO37-sw94AaABAg,mohamed faisal,1 year ago,1529105266221,Dinesh karthik and dhoni is very hand some,0
UgyABXvovcrdYOj2lFB4AaABAg,Ashok Raj,1 year ago,1529105266223,dipika super,0
UgySyvcOfWLmjSZ6hR54AaABAg,Divya darsan m,1 year ago,1529105266225,0.46  virat doing naagin dance,0
UgzfVr1p965ehjJBvaF4AaABAg,Google User,1 year ago,1529105266227,"Yaar Chiku aapse yeh expectation nahi thi . How could share screen with Cheap deepika jab ki aapne alredy Anushka and Genelia jaisi actresses ke saath kam kiya hai. 
Anyways ATB hope to see more of ur ads with Anushka the love of ur life",3
Ugyy_QB0z0Jay_Nkxk94AaABAg,Saba khan,1 year ago,1529105266229,love you a lot virat,0
UgwIUBxS_7WPf3mUO9h4AaABAg,Sathya Karthick,1 year ago,1529105266230,deepikaâ¤â¤â¤â¤â¤â¤â¤â¤â¤â¤â¤â¤â¤â¤â¤â¤â¤â¤â¤,1
Ugzawg4qzjs8OsFnfvN4AaABAg,Papai Chakraborty,1 year ago,1529105266232,jio dandanadan  jio dandanadan  jio Rcb,0
UgwyFbDOk37dZSpo2hh4AaABAg,Papai Chakraborty,1 year ago,1529105266234,I love RCB I LOVE VIRAT,7
UgzJY3FM24zilCrO0nN4AaABAg,Papai Chakraborty,1 year ago,1529105266236,virat  I love you,3
UgxSVDNgEUteHIOQzzx4AaABAg,Arjun Parameshwaran,1 year ago,1529105266237,I hv came here bcs of Brendon mccullum,0
UgyMyVePUougAlh5WkZ4AaABAg,Shivani Ranpise,1 year ago,1529105266239,Oh my god!!! Alll my fav here .....I love you soo much deepu......ğŸ˜˜ğŸ˜˜ğŸ˜˜ğŸ˜˜ğŸ˜˜ğŸ˜ğŸ˜ & guys  plzzz support Mumbai Indians....ğŸ˜˜ğŸ˜˜ğŸ˜,7
UgyfXnmMDeJzgNQnM154AaABAg,Deepesh Kumar,1 year ago,1529105266241,deepika luks gorgeous,1
UgzVdsAzGuGaiJooybp4AaABAg,Babita Agarwal,1 year ago,1529105266243,Overall ad is fantastic,0
Ugwq-dNuQI8u6Erdd794AaABAg,Arthik Rai,1 year ago,1529105268399,My favourite moment is RCB dance,0
Ugyshulz4ZC1u1mtvBd4AaABAg,Gaurav Chanodia,1 year ago,1529105268401,ğŸ¤˜ğŸ»ğŸ¤˜ğŸ»ğŸ¤˜ğŸ»ğŸ¤˜ğŸ»,0
UgxzwG0VGjCXpha_CCt4AaABAg,sai charan,1 year ago,1529105268403,My favourite moment is Virat Kohli s dab,0
UgwlLBOYyRZPlxD0Ecp4AaABAg,wahidur Rahman,1 year ago,1529105268405,virat kholi dance....ğŸ˜ğŸ˜ğŸ˜ğŸ˜ğŸ˜ğŸ˜ğŸ˜,0
UgwUHeXAHzCIzBpeyR54AaABAg,rekha agarwal,1 year ago,1529105268408,Nice,0
UgzbqhDSWiXfauQUCwF4AaABAg,ADARSH MR,1 year ago,1529105268409,deepika padukone I love you all cricketers players rocks,1
UgyYL7v0wRpLX77Ud8J4AaABAg,Top Trendz,1 year ago,1529105268411,GUYS WE HAVE A TARGET OF 6000 SUBSCRIBERS. So like Subscriber to become part of Jio give aways.,1
Ugzvz-zmx4kgdcBuZ-h4AaABAg,VIRAT KOHLI Fans Club,1 year ago,1529105268413,Rcb,18
UgwMklyl-FQteRVPzxB4AaABAg,Uday Tyagi,1 year ago,1529105268415,Hardic pandya,0
Ugwl4MYyDp2On1OnJql4AaABAg,Hope K,1 year ago,1529105268417,deepika  you are awesome luk so preety,4
UgxtpCzVfHBBLZRBpHp4AaABAg,PRADIP KUMAR PATRA,1 year ago,1529105268419,"Deepika Padukon ğŸ’–ğŸ’–ğŸ’–ğŸ’– and RCB , CSK , MI , KKR and etc all are best players I love them all and l love you so so so so so so so so much Deepika Padukon ğŸ’–ğŸ’– and Dhoni sir I will also want to be a woman cricketer please help me to full fill my Wish please please please please please please ğŸ˜…ğŸ˜…ğŸ˜…ğŸ˜…ğŸ˜…ğŸ˜ŠğŸ˜Š you like my comment then please like ğŸ‘",4
Ugw5pVuFV5PKWcLWcn14AaABAg,ram charan,1 year ago,1529105268420,virot sooo nice,6
Ugz0BApXgF1YzZoWlXF4AaABAg,Indranil Roy,1 year ago,1529105268422,Wow nice,0
UgzgtQO8_p8wQySujoh4AaABAg,Mickey doll,1 year ago,1529105268424,This advertisement become my favorite because all my favourite is their in this advertisement. A big thanks to Jio for choosing them ğŸ˜˜.,60
UgxWSF_Syd9PVq36D4F4AaABAg,Reshma Banu,1 year ago,1529105268426,RCBğŸ‘,12
Ugxbjsmc9_9ScAyT5H94AaABAg,Meera Kumari,1 year ago,1529105268428,Ohh Hardik.....ğŸ’˜ğŸ’˜ğŸ’˜ğŸ’˜ğŸ’˜ğŸ’–ğŸ’–ğŸ’–ğŸ’–,21
Ugw8xXw_K1T2D5JoqDt4AaABAg,Giri Tharani,1 year ago,1529105268430,csk is best best team,1
Ugw_5CgIM0420BSHj594AaABAg,Abhilash kumar,1 year ago,1529105268432,Deepika â¤ï¸Mahiâ¤ï¸viratâ¤ï¸ all favs in one ad,45
UgwAuJm73StX06c_Sax4AaABAg,TAHSIN AHMED,1 year ago,1529105268433,Jio,0
UgxOSq0EuAiinm0npNB4AaABAg,lessons of cricket,1 year ago,1529105268435,all teams dance well except mumbai indians. mi is waste . the video was nice,2
UgxYggQSjYO0q1EF5wd4AaABAg,veera ashwin,1 year ago,1529105271746,lu csk,0
UgyQkTqYR0d1nXwWzNN4AaABAg,N P,1 year ago,1529105271748,Deepika so beautiful. ğŸ˜ğŸ˜ğŸ˜,64
UgwSXqV1PFiqqLWYmWB4AaABAg,fareen raza,1 year ago,1529105271750,This can't happen Chris in kings 11 Punjab ğŸ˜­ğŸ˜­ğŸ˜­ğŸ˜­ğŸ˜­ğŸ˜¢ğŸ˜¢ğŸ˜¢,0
Ugw8Li9XyjPFRchw6j54AaABAg,kunal lakhan pal,1 year ago,1529105271751,Nice,0
UgyXhkiecb14-IXxOyx4AaABAg,Gourik Majumder,1 year ago,1529105271753,Jio,0
UgwqFR4wevjeQX8tc_94AaABAg,SURENDRAN M R,1 year ago,1529105271755,My favourite rcb,0
Ugx57ZtYul9pt11cjtJ4AaABAg,third fan,1 year ago,1529105271757,Rcb the best from nepal,0
UgyltQ7s-yOIC6xUGEV4AaABAg,TEAM KKR,1 year ago,1529105271758,KKR-DRE RUSS ğŸ’ªğŸ’ªğŸ’ªğŸ’ªğŸğŸ,1
Ugx_EjNb74aYxWiW2Sh4AaABAg,Abhun Shankar,1 year ago,1529105271760,Sample this for a jingle...ğŸ–¤,1
UgyjSyCKbx0fVMvLi0Z4AaABAg,Anwesha Majumdar,1 year ago,1529105271762,Deepu ğŸ˜˜ğŸ˜˜ğŸ˜˜KKR âœŒï¸âœŒï¸âœŒï¸âœŒï¸,4
Ugw9da7Fbsd8N1Rz7sV4AaABAg,Pooja Dhakal,1 year ago,1529105271763,Deepu maam ğŸ’“ğŸ’“ğŸ‘ŒğŸ‘Œ,3
UgwEjsOJ0-zvqLZwIkJ4AaABAg,pooja jal,1 year ago,1529105271765,Wow,0
Ugyoh0FyzSf3B8gB5Et4AaABAg,Deepika Pelmo,1 year ago,1529105271767,First Deepika support Anushka's film PK and Anushka and Ranveer onscreen together in DDDD after they breakup and Anushka and virat marriage so dp and ranvir which them sent flowers and this video virat with Deepika together so why he rejected South sport show offer because of Deepika? I don't know at all between fake news or real news of this from Deepika and Virat's relationship.,13
UgyILFBlwSdPCThVMQZ4AaABAg,Yash Agarwal,1 year ago,1529105271769,"Commented , Liked",1
UgxCUCdbYSA0ZmDIcXB4AaABAg,Piumi Chamika,1 year ago,1529105271771,superb ğŸ‘Œ ğŸ’Ÿ,0
UgzxUbjTD7Yse4jRRpt4AaABAg,shivam Pandey,1 year ago,1529105271773,Rcb is the best team,35
Ugy4w4jq2K-XPSqSh6R4AaABAg,Lokchander S,1 year ago,1529105271775,Kkr ğŸ˜˜,2
Ugy_5NZ2BHGun7cUgVF4AaABAg,Kinjal Babariya,1 year ago,1529105271777,ViratğŸ˜˜ğŸ˜˜ğŸ˜˜ğŸ’‹ğŸ’‹ğŸ’‹ğŸ’‹ğŸ’‹ğŸ’‹,14
Ugx1cCk_rS5IDrkm2Qd4AaABAg,Eesan Kathy,1 year ago,1529105271779,Liked commented and subscribed,0
UgyJ6iYf75g7rR4QC5V4AaABAg,KING LEO,1 year ago,1529105271781,A Mumbai dhan dhana dhan,0
Ugzsa4obQ_DWm_c1sZR4AaABAg,Raghu Ram good moments,1 year ago,1529105274972,deepika padukone,10
Ugxf_q5VFjE1U6PLssZ4AaABAg,à²•à²°à³à²¨à²¾à²¡à²¿à²¨ à²¹à³à²²à²¿,1 year ago,1529105274974,Virat king,17
UgxW4JJUmSSKVSPxAH54AaABAg,vaka pradeep,1 year ago,1529105274976,Seeing old Love Triangle in this advertisement ğŸ˜ğŸ˜ğŸ˜ ( yuvi ; mahi; deepika),20
Ugz396BS1EQtzJfe63d4AaABAg,Sesha Gopalan,1 year ago,1529105274977,DK WAS SO COOL,18
Ugww-2Ccnki-UK0M1gJ4AaABAg,Biswal Arya,1 year ago,1529105274980,superb,0
UgxXeFmoz0NwQwUUJMt4AaABAg,Sunil Sharma,1 year ago,1529105274981,virat kohli's expression were so cool I just love him,33
UgzrkBn1log2EgkPbL14AaABAg,Jagannath Moharana,1 year ago,1529105274983,Superb...,4
UgxJdjNxPfSdxp5pYJ14AaABAg,Pihu Roy,1 year ago,1529105274984,awsmmm,3
UgyTbs6moCdWArPbgiN4AaABAg,KING LEO,1 year ago,1529105274986,VIRAT KOHLI DON'T LIKE TO COPY BANGLADESH,3